time,cycles,branches,instructions,cache-reference,cache-misses,bus-cycles
0.010285166,20805676,782243,4469088,420344,255250,242746
0.02070023,21126131,867012,5083340,393206,309375,247786
0.03118285,20784413,941293,5529805,455379,343064,249725
0.041542095,20813030,1031735,5835768,486551,356460,245002
0.051724735,20840328,890154,5246131,428212,348108,242284
0.061926257,21223210,1144879,6007367,611463,495903,243386
0.072124878,21267433,2580142,8342651,863797,658009,243953
0.082321182,21469275,2960286,9543904,1113509,818417,241890
0.092543771,23293785,3359902,11439378,1239720,917074,243886
0.102780846,22864778,3312804,11275865,1136330,881219,244841
0.113018111,20352495,2977324,10597098,1026309,800471,243332
0.123246025,19835940,3299339,11565961,1217614,815400,243868
0.133474048,19256558,3960208,8051625,937614,780374,243942
0.14372905,18572167,684760,2077870,986482,652500,245398
0.153998549,17816926,712010,2269118,905425,821148,244565
0.164263687,17372890,143291,914334,428179,389920,244173
0.174522571,17635532,142094,572518,421474,409616,245092
0.184746872,19188708,2052199,12005905,957447,357281,246426
0.194938127,22311322,3809593,18135320,1603997,464935,242929
0.205153738,27044435,1588157,7974312,733939,340817,281500
0.215396186,23231390,2418712,8807172,860521,445307,243238
0.225787955,23707392,2819194,13074256,1178673,458464,247616
0.23603766,23134536,966684,4128125,926155,394172,243829
0.246371902,23521418,1650217,7750477,1166121,458572,248606
0.256878137,23405230,1156876,5560080,790146,351464,248257
0.267173322,23285521,2691587,12532150,1409893,483406,245759
0.277475011,23360006,1839490,8922201,1471713,439734,244921
0.28779259,23525958,2360478,11996746,1406820,468760,245590
0.298083527,23526446,2530937,12176234,1417286,478546,245846
0.308323208,23351666,1621215,8938521,1599992,540568,244147
0.318541106,25542002,2602732,14061144,1113593,421326,255276
0.328859215,23747920,935243,7042191,1086703,449774,245175
0.339193635,23423859,1738342,7959699,856393,290574,245123
0.349572201,23665117,2104267,10434476,1653761,458879,246588
0.35991737,22334567,2423830,11282790,867590,320236,244245
0.370113102,22361217,2327727,11467091,1371388,445657,243637
0.380320653,22943014,2216900,10898759,1595073,434725,242946
0.390599252,24781909,2851783,15280605,1405047,422284,257997
0.400854753,23410374,2599614,12158880,1559218,453061,244842
0.411177908,22778442,1305800,6180755,1193913,421913,245953
0.421475725,22476671,2030518,10584704,1529148,413551,243922
0.431660284,24000618,3966646,21268757,2040018,306154,247013
0.441861876,24241932,2119063,9939277,1471513,335670,243483
0.452253134,24920850,1521417,12516448,1206254,439711,260548
0.462679153,23637128,1224187,5709408,649218,447059,246282
0.472975766,23450367,1593975,9958643,1191519,392086,244718
0.483171998,23309565,2368194,11181596,1757280,425609,244140
0.4934399,24461981,2912207,14278739,1472762,461259,250662
0.503740092,23542166,2222120,10324945,1405136,459704,245992
0.514039181,23490471,2552533,11921695,1604566,406511,246040
0.5243153,24745464,3233146,14453783,1264513,458299,256345
0.534638096,23596097,2874507,13394099,1822963,368063,246124
0.544808927,23994656,3322002,17578289,2227591,291494,242252
0.55507536,25334839,3211123,15614386,1583390,526318,253976
0.565440452,24532741,2004042,9787672,1632577,485948,246253
0.575677748,25698709,2418378,15564732,1303270,427900,257893
0.585966484,23497830,2700953,12508912,1459212,454007,246126
0.596291332,23599753,2386763,10651797,1710734,449692,246976
0.606582041,24548279,2879630,14860057,1441557,445386,254004
0.616835064,23357572,2814287,11811687,1577088,446642,243434
0.627122526,23541656,2050559,9577945,1411181,530551,246766
0.63740422,24620146,2913411,16340564,1781654,418018,253998
0.647637931,23409581,2490286,13351313,2050553,284936,245449
0.657976788,23390825,2101084,9841222,1531197,441516,244152
0.668354106,24559061,1751191,13542171,1365129,459197,253498
0.678643554,23187863,2469711,11420994,1347593,402377,242443
0.688931508,23444264,2300189,10889699,1679053,397598,244855
0.699264001,23943176,2418096,12450474,1262672,396079,249337
0.709602718,23571584,1825009,8025399,1145462,281945,245651
0.719909743,23430827,1327494,6729534,1329961,268403,245377
0.730161268,23360276,2104876,9783986,1092515,458183,243135
0.740364792,24811346,3512445,19549892,2049341,311292,247718
0.750575364,23938895,3087338,14503778,1948907,399795,241157
0.760829803,24168617,2501367,12940340,1429713,518232,241491
0.771092918,23857998,2169204,12016921,1498522,447059,239097
0.781318078,25010580,3120160,16208624,1622387,463269,247916
0.791571113,24445245,2040161,10517930,1463354,464388,245805
0.801838422,24415344,2716522,12644618,1775541,416626,244420
0.81208582,23367032,2611532,12824068,1470979,421951,244138
0.822326303,24319944,2288193,12130896,1243653,443876,254785
0.832659723,23588789,2450451,12219303,1786173,376581,245105
0.842826892,25490911,2978208,20151560,1775553,344920,254906
0.853068619,24361932,2708016,12585217,1479839,497193,244314
0.863373123,24514023,2271232,9227930,1545506,514548,245518
0.873662648,25543475,3220763,16393732,1566071,417118,254338
0.8839335,24408514,2472006,11850379,1842655,440373,244401
0.894250204,25876562,2699347,15734624,1404161,463341,258103
0.90451578,23397809,1762119,11688893,1632086,451054,244950
0.914799146,23511476,2709893,12040513,1898114,518500,246753
0.925133741,23590411,1699307,8687729,1205863,467835,246527
0.935449887,24513763,3666870,19045038,1641267,447928,253215
0.945626376,24210286,3633875,16998316,2210619,290607,242180
0.955833473,25507342,2616014,14417626,1551162,533495,255682
0.96608843,24483950,1789034,8256232,1003447,409407,244459
0.976346597,23378059,2294363,10031081,1668334,355440,244124
0.986590644,24581753,2401861,12976840,1446980,427908,256256
0.996877573,23403076,2774227,10955785,1398147,400649,244671
1.007130545,23422127,3079740,14267840,1643272,426017,244769
1.017429735,24723507,2482049,13919010,1574740,465528,257034
1.027715402,23514436,1964675,10780609,1123437,474358,247207
1.03809093,23846193,3273621,15254081,1908862,194659,247120
1.048366798,25491217,2152213,15025001,1681913,458062,254840
1.058660046,24244177,2696480,12640276,1771420,541457,243416
1.068947579,23980262,2672092,13316069,1425506,502251,251283
1.079213221,24468711,2119209,10979747,1550604,482480,245472
1.089505028,23620826,2608923,12232430,1745084,426990,243923
1.099826637,25181830,3439875,13187832,1298724,369666,262560
1.110060445,23354733,1688368,7793960,1105104,294722,244673
1.120355056,23934052,1534481,6658884,1207141,289329,242853
1.130601294,24252522,2728971,12730933,1344063,466454,242527
1.14078284,25157942,3854945,19033529,2143241,306113,251375
1.150993978,24808572,3071978,13841225,2099853,430876,243272
1.161234366,26330213,2153669,12543186,1060291,428637,261582
1.17164327,23715543,914009,8675605,1032631,320910,247703
1.181963337,23576222,1706653,8042277,1500244,345262,246706
1.192294796,25890596,2568210,14378759,1481352,481495,258560
1.202582759,24352422,3812697,14056299,1575723,465423,245103
1.212813432,23385917,2226624,10484880,1650758,447939,243903
1.223113205,25309073,2881151,16301281,1452136,475728,265051
1.233437064,22916642,2202049,10195833,1083877,510129,239834
1.243711154,22662542,2475025,12753074,1881857,379879,236072
1.253880055,23768438,2468950,13638735,1637788,332289,248346
1.264151659,22959783,2880814,12256192,1365045,526292,240046
1.274484944,22947707,2877064,10863626,1553913,462516,239673
1.28473681,24614356,2333227,12969397,1233884,418778,256498
1.295032534,23512289,2230907,13401049,1516067,456276,246440
1.305336882,23493235,2374200,11112676,1624237,462591,245376
1.315569503,24458734,2815323,14280952,1438792,464629,255529
1.325868383,23486227,2812764,12856824,1524256,445753,245168
1.336121278,23372491,1903079,9261107,1315954,484567,243816
1.346317189,25870170,4454606,23705994,1989651,327548,264648
1.356518476,24277636,2752585,12927781,2205780,467517,243810
1.366813303,24367684,1843544,6975809,986584,383585,245364
1.377085974,25537242,2553254,13567156,1523634,532477,255414
1.387386966,23529705,2471455,10892923,1418573,506311,245706
1.397677633,23037857,3064495,13920119,1687676,403092,240719
1.407976507,27792905,2620770,17673130,1439828,478440,290761
1.418216114,23406315,2182070,12082039,1381784,456091,244611
1.428451859,23364504,2400228,11182932,1513470,458260,244413
1.438813561,24524810,2333626,11706616,1100245,468592,256115
1.44898601,22041448,3145792,14727389,2316591,252802,224410
1.459184637,25416943,3927373,18180335,1839820,432594,253769
1.469445211,24371273,2569451,11878513,1644436,511468,244504
1.479766758,24554897,2326305,10843917,1574193,351031,246724
1.490150287,25170019,1604725,13537587,1360060,430409,258925
1.500452106,24511102,2738943,12739722,1676158,449739,244998
1.510715216,24468723,2384270,12989938,1653930,450944,245691
1.520958053,25528734,2808072,14332552,1530133,465024,255654
1.531230268,23954032,2636787,10705431,1445172,494551,244984
1.541481116,24533318,3460282,18162384,1530495,420357,254568
1.551646194,24203170,3383199,15797279,2122921,365075,243171
1.561833093,25423708,1983384,16447830,1792080,454565,254877
1.572071606,24298353,2430499,11308078,1368982,522891,243311
1.582358267,24495066,2887822,12792209,1838093,413972,245516
1.592638826,25994000,2892509,15383845,1498083,421362,260081
1.602889599,23959364,2829981,11999138,1338259,484663,244045
1.613152949,23421778,2579094,11704607,1706781,456108,245030
1.623446422,24586835,2730574,14013483,1518058,446378,256274
1.633725,23479212,2658724,10885308,1170543,474099,245692
1.643985206,23415767,2802044,13129171,2132590,310034,243942
1.654241904,25175232,4443670,22464514,1961207,395796,264185
1.664489716,23333439,2618530,12266896,1476714,518709,244980
1.674812904,25200244,2454887,12889728,1343000,504031,257780
1.685182832,24037885,1953284,9356288,1317351,323592,245308
1.695399525,23347492,2216248,10366656,1660182,461946,244574
1.705721982,25679840,2051156,14600737,1476169,458201,268280
1.716007762,23493790,2307485,10825615,1315143,359180,244894
1.726254925,23342223,1156285,5848256,1190454,273035,244568
1.736473051,23274842,1821230,8429772,1139535,313203,244000
1.746711183,24949055,2917842,16368910,1820786,412098,253946
1.756899303,24174498,3392712,16851990,2153435,291355,241944
1.767133416,24060177,1996466,9260418,1098616,417503,236576
1.777418394,26051265,1810080,13925315,1419761,530917,260921
1.787695206,24487184,2580686,12094266,1728325,416587,245399
1.797958609,24883989,3438602,15316306,1530009,482836,254473
1.808216614,23399645,2748341,12722301,1682573,412062,245494
1.818485506,23488526,2651015,12564574,1679221,419459,244869
1.828706671,25105761,2232814,17866100,1466698,472279,262918
1.838987191,23467940,1916167,9023882,1449251,558815,244862
1.849187759,24337123,3120513,15404406,1635422,462329,250532
1.859352614,24245794,3268063,16155100,2124177,298476,243111
1.86956038,24293297,2053082,9623242,1500652,378983,243050
1.879793554,26554239,2358646,14163854,1255427,458508,268788
1.890217101,24283155,2122829,9825502,1297375,333613,246388
1.900431826,23431599,2036910,10739154,1619107,353473,243765
1.910728731,25716849,2310549,12103971,1454230,440199,257508
1.921023528,23753197,2364223,10886075,1237855,382917,246210
1.931340744,23500764,2389408,10258811,1332842,415382,245781
1.941922755,26802791,2693142,14177098,1238814,475303,278942
1.952211296,22736660,1378711,8553681,1070011,435929,243359
1.962403798,23321737,3364813,15143324,2037816,355475,244800
1.972663396,25111787,3578186,16054689,1811561,497556,253375
1.982929534,24419084,2630499,12137062,1528429,502616,244788
1.993176725,24375321,2562090,11804393,1783349,436809,244045
2.00340681,26568251,3671758,20256962,1410497,497938,266443
2.013711896,24539844,2048458,9584086,1610426,483276,246010
2.023993765,24967691,2412452,13327405,1538027,459559,258434
2.034283947,24271425,2622822,12330195,1498503,432400,244657
2.044591747,23549674,2415297,9544999,1293276,519441,246682
2.05489094,23436275,3362602,15590309,1785197,448271,244376
2.065088222,25752485,3706142,18461543,2072416,368239,262288
2.075334231,23925404,3280121,13314967,1777729,511728,239160
2.085564494,24689385,1384654,7562940,948354,303228,246494
2.096007833,23792416,1463217,8664545,1343783,405176,247859
2.106274731,23447817,2064411,9633236,1646257,346257,245139
2.116510301,23355607,2399757,11365590,1361468,373553,244374
2.126747945,25746601,2570333,14602037,1168520,396197,269572
2.137064332,23490786,2318153,10878401,1738680,436330,245721
2.147359064,24561093,1759433,11705420,1336541,473572,256937
2.157615271,23346119,1938828,9007430,1271644,394996,243000
2.167816057,23598410,4345644,12054621,1485221,415732,242336
2.178004878,23964972,2241705,10431993,1457476,226114,243294
2.188243192,26532602,1972946,12821720,1327068,454987,265670
2.198544863,24576454,2535700,11834127,1482519,451547,246197
2.208802136,25450047,2974079,14646233,1596607,493301,255412
2.21906293,23854604,2518199,11102114,1433095,430603,239913
2.229300007,23748867,1970807,9195466,1520628,433909,237988
2.239540834,23778103,2321149,11883277,1423891,387156,238877
2.249839748,25770024,1507870,11090000,993609,427628,260979
2.260139788,22978827,2642980,12597296,1625393,314385,240201
2.270338463,25469148,2928983,18277362,2159061,260967,253295
2.280650042,25583935,2351111,10907457,1289646,369295,248086
2.291067228,24667921,1415077,6491646,1225521,493073,246648
2.301369531,24188120,2755724,12793349,1392183,438419,245106
2.311591637,25765472,2438117,15467630,1439560,503779,270587
2.3218689,23443796,2364915,9877300,1452620,475952,244994
2.332165718,23476518,2475675,11406176,1399424,450397,245165
2.342404717,24407544,2475084,12342522,1439756,481373,255190
2.352730811,23579765,2134310,9947486,1165044,525563,246398
2.363035854,23443264,1876137,9254680,1295586,411201,246120
2.373305183,26142485,3146143,17752128,1717239,395140,272143
2.38352944,23770288,2979235,12646913,1675922,505987,243792
2.393858483,24512041,2957067,13473607,1452578,487857,245653
2.404156727,24723036,2755573,14451784,1608576,443256,254730
2.414410319,23448237,2234859,11365447,1509603,453209,245705
2.424660574,23392142,2722066,12658129,1399972,410609,244104
2.43492706,26187211,2469676,17841079,1514384,504789,274182
2.445184671,23394677,2462588,11461666,1783362,468638,245101
2.455525639,24614667,2439198,11795571,1154986,497131,257697
2.465817991,23983853,3820744,17286728,2113582,394242,244663
2.475992297,24065940,3394976,15736695,1951091,409059,241540
2.486514948,27418327,1051438,14658200,1015418,371557,282431
2.497213964,22494572,1837686,8620080,1181355,424451,244805
2.507480184,22378437,2086260,11310427,1651074,410593,244282
2.517706074,24521619,2537440,12958049,1495367,458242,256576
2.527982949,23467587,2791759,12412171,1525588,456056,245865
2.538288798,23519151,2733240,12627062,1532019,468512,245257
2.54858031,26315369,2079230,13341315,1227065,352437,276203
2.558865698,23508204,2176401,9475733,984526,380788,245126
2.569143646,22812802,1353315,6313600,1066823,333909,244366
2.579366816,24229574,2712916,15966226,1760382,324825,253944
2.589545383,23268868,3461511,16095749,2026571,220781,243755
2.599888622,23422911,1908544,8986461,1556480,335204,244793
2.610173446,27127020,1472704,11837073,969605,392163,271726
2.620402862,24186603,2835979,13259709,1689432,465735,241730
2.630653707,24292350,2349217,12563093,1652524,457190,244214
2.640947119,25444551,2195542,11537876,1297136,458765,254937
2.651203276,24453144,2287945,9205644,1248151,325684,244880
2.661459089,24376989,1516016,6905896,1236861,282076,244214
2.671733128,23901770,1831568,8480192,1054944,423345,245806
2.681999765,26592769,3133717,18273792,1519486,465102,273947
2.692242669,23521670,2088017,9635606,1568439,450339,243125
2.702482471,23911833,2662676,11778642,1509721,521610,241895
2.712759173,25335740,2513770,12436121,1366702,548885,253852
2.723038345,24009608,3002317,12657985,1621026,457858,245339
2.733315594,23449585,2983464,13418626,1734044,414119,244990
2.743593398,26596979,2837169,16372317,1400847,468257,279142
2.753832877,23356815,2843303,11201057,1663952,469514,243396
2.764052333,24384400,2696694,14127647,1413594,511152,254024
2.774332764,23462976,2220788,9990111,1316856,481563,245257
2.784526317,23521641,3355365,15550402,2174711,372995,238742
2.794747334,27095408,3178321,18531503,1561902,415311,271066
2.804978931,23809521,878568,4546537,1393600,379413,239341
2.81530777,23590564,1818994,8454564,1211566,399946,245497
2.825538574,24325759,3010322,16126490,1511805,447287,255861
2.8358331,23520769,2666897,12366611,1511235,480647,247012
2.846276606,23449048,1770694,9564356,1574608,467146,244957
2.85654322,49071737,4675949,38884427,1165883,551679,515397
2.86690406,23746428,2407718,12327707,1418954,459510,246189
2.877218363,23546948,1607287,7864409,1166451,516522,247010
2.887547306,23605840,2147875,9977808,1268273,327658,244219
2.897770079,24944146,2561046,16145367,1771931,480334,260767
2.907991396,23281210,2517060,11770654,1563307,436525,244586
2.918248264,24433146,3270075,14697657,1480081,474845,257040
2.928528572,23433156,2741615,12686535,1461747,417905,245418
2.938753564,23388156,2603329,12346984,1753127,432598,244104
2.948970419,25443982,2591588,18505140,1339329,477663,266239
2.959206334,23396968,2579877,12032194,1683935,471388,245016
2.969458902,23394810,2514028,12800348,1449229,428438,244757
2.979651418,24428006,2339805,11877905,1302013,465932,255446
2.989846921,23582279,3599052,17086301,2258104,287647,242309
3.000053033,26462016,3537841,19504324,1915626,452445,263632
3.010333333,24288280,1030686,4856665,741381,290726,242147
3.02060404,23136453,1384671,8147437,1521891,455575,241243
3.030895134,24289588,2810570,13743183,1588772,444196,253632
3.041197265,23299199,2786054,13082484,1423224,466583,243438
3.051440425,23368737,2277488,10719527,1484480,511299,244749
3.061703408,25543663,3077740,14894669,1494383,483965,267185
3.071979609,23402171,2139965,10256752,1466675,455319,244401
3.082250087,23385299,1451657,6748574,1034986,415261,246548
3.092592024,23681934,2636407,11355291,1398248,461966,250522
3.102775525,23601517,3752778,17386855,2274787,310069,242742
3.112999668,24098251,3223775,14665394,1892174,453252,242666
3.123329345,26559467,2873086,15689766,1373549,537874,265851
3.133616225,24323745,2371959,11698882,1785800,430204,242934
3.143843195,24868119,2647265,13905199,1466956,476004,249650
3.154112799,23788226,2583768,12008173,1405652,467111,239735
3.164436452,22924522,1996405,8151508,1434022,470283,238938
3.174713182,25333549,2832177,15106011,1479461,432780,265001
3.185023523,23499018,3001164,11349057,1340628,506263,245893
3.195292793,23464276,3316264,15349243,1808392,432742,244826
3.205469741,23942534,3173526,14806294,1723317,336086,251322
3.215654858,23232096,2476637,12540986,1378008,470351,243086
3.225955591,23424570,2646908,12320269,1488900,479142,245732
3.236230481,25791489,2331630,15010549,1559645,474954,270272
3.246438792,24105415,2631759,12266194,1747432,441665,244747
3.25674639,25339817,2968074,13454671,1524154,477628,255558
3.267038529,23580965,2941899,13600203,1379338,444154,246301
3.277357469,23517737,2409877,11544556,1696483,438713,245117
3.287647449,26182674,2227465,20721022,1248567,493665,274130
3.297954725,23493349,2798085,13072879,1974097,427922,245203
3.308142704,24996625,3914006,19659203,2266485,242424,253255
3.31835877,24709702,2966079,13797316,1515404,503388,242411
3.328634459,24156730,1394246,6440811,1055801,346990,243003
3.338917027,23471329,3307280,10362529,1205628,377598,246282
3.349219147,26929883,2681718,16431469,1460935,413745,279059
3.359506895,23504765,2703947,11508027,1757837,449632,245910
3.369816447,24643829,2734450,14030709,1432970,424877,256934
3.380065592,23369442,2532125,12306481,1468682,441222,245039
3.390385771,23603467,1901131,8313096,1288919,499842,246517
3.401029642,24236812,2173093,11350817,1533615,442507,252843
3.411204145,25489867,3596721,21035077,1353220,394007,266360
3.421405893,22728220,2613275,12220632,1901736,486223,237223
3.431705293,24049982,2646402,13940295,1337205,517219,251797
3.441983909,22798586,2760343,12803240,1521696,448219,238112
3.45226755,23326314,2229521,9818668,1572437,504208,239210
3.462559613,26656102,2752846,18001640,1511599,410453,270716
3.472808572,22669971,2410445,11435939,1439398,455545,235726
3.483104357,22873847,2202960,9703475,1647202,429854,239853
3.493429787,24773475,2279262,12068968,1179891,456368,258342
3.503691325,23786922,2689237,15337574,1893393,344454,240556
3.513861915,23811049,3593566,16609461,2104428,301889,237896
3.524118884,27266189,2553653,16694600,1368053,334138,270395
3.534457802,22789657,1242568,5884093,984375,396906,237809
3.544701022,22849302,2588565,11967015,1450791,390602,238842
3.555003341,24697461,2599611,14127368,1540984,496567,258128
3.565295235,23488970,2177195,10393765,1570809,442107,245396
3.575559512,23461351,2374620,11119135,1695750,429100,246147
3.585814946,26505760,2735910,20947111,1356605,465056,276788
3.59606897,23268978,1968817,9239785,1264049,456547,242595
3.606326422,23437402,1503810,9400460,1335403,376678,244974
3.61654038,24442700,2898003,15543259,1774630,348831,255599
3.626757146,23695449,3069024,13116935,1656058,544374,244329
3.636992763,24311908,2623723,12288971,1441686,501438,244033
3.647225856,27405317,3235874,20547359,1578240,463810,275110
3.657524366,24563048,2516316,11470054,1767900,465307,246651
3.667815356,25493624,2818990,14856978,1458324,465434,254811
3.67809059,23457433,2976730,14345723,1536004,470284,245298
3.688357624,23420392,2571324,12039108,1816707,536754,245329
3.698566091,27120477,2633027,16996565,1088295,475709,283283
3.708792309,23523241,3930091,16150067,1445069,377062,243489
3.718992956,25294781,3846770,19363271,2254815,298387,253424
3.729248887,24318975,1460365,8700914,1048015,396079,242022
3.739492177,23286412,2429901,10680453,1182519,420626,243649
3.749766835,23411337,2057845,9323201,1607608,453197,244955
3.760130871,28048007,2608059,18469178,1325144,348944,293667
3.770401865,23500096,2529289,10769923,1359748,426817,245170
3.780663535,23420155,1759729,8398194,1551621,387150,245682
3.790958541,24611569,2450047,12809309,1362535,413077,255826
3.801298233,23479636,2893707,12482920,1434381,468371,246555
3.811657313,23642497,2895105,11577786,1232237,422862,246602
3.821832144,47687052,5687088,64476719,2824568,279612,490794
3.832073699,44001093,4157343,28175016,2339287,800772,425711
3.842309676,24394618,5696130,26678689,1111345,423790,240044
3.852567454,24148207,8808316,35816760,613970,105306,241521
3.86281154,24457446,5460617,32523214,1494561,86909,245469
3.873095423,24518704,2301449,36786446,511406,107988,245094
3.883343805,24419481,274169,39541075,394969,91277,244904
3.893561447,24369959,270583,39718270,381799,94239,244304
3.903811896,24894672,278538,39684105,362939,100151,243637
3.914082413,24480005,226150,32765845,347097,116750,244718
3.924257738,24786306,270213,39667009,468559,76334,243183
3.934479381,25723423,289771,38600510,470204,108346,238623
3.944734067,26212710,280903,40317870,420270,127780,244351
3.955105303,25623165,290570,40743581,630410,209743,243711
3.965361848,24418291,5671696,26220687,2451622,194132,243867
3.975593136,24571241,3914954,17415175,2901211,125902,243175
3.985834283,25095147,2753699,12013901,2098144,111564,243201
3.996066556,25191911,2368096,10353915,2063138,116172,241906
4.006305907,25437763,4081396,13131150,2187867,179406,245046
4.016553762,26041726,3990341,17478985,3229600,70321,240242
4.026708213,29323269,4806074,18329385,3447161,78339,243312
4.036946334,29126704,2419689,10811116,2067510,305622,245098
4.047241334,25593159,2470811,10461502,1822520,294664,244129
4.057597243,24574864,2505218,11003583,1514985,308105,245538
4.067838372,24361579,2714451,12104771,2133292,318809,244574
4.078071711,24371249,2922053,12427296,2074684,333685,243787
4.08828916,24370552,2658615,11911942,2093024,278142,243910
4.098562472,24493164,2571614,12423919,2031334,324385,246221
4.109011051,24892816,2411168,10795113,1687224,494962,250124
4.119305495,24556563,2752059,13948528,2397983,228290,244262
4.12950623,24845249,1966246,9238977,2405351,219174,243411
4.139729264,24760686,3066373,13724882,2357780,433711,243525
4.149986473,24347030,2933975,11400239,1866438,425726,244137
4.16028379,24539333,3064634,13768452,2295063,325213,245276
4.17053877,24403202,3148988,14160194,2402773,346135,245371
4.180804915,24450732,2931251,13262554,2453142,406701,244929
4.191024994,24395136,3022037,13094289,2272695,382858,244384
4.20129964,24450887,2756624,12196707,2087221,378325,245012
4.211545398,24438889,2059896,9325060,1562220,471984,244994
4.221784289,24380637,3472435,13345881,2452632,228304,243854
4.231944332,25732888,2270183,10306586,1991822,316906,242212
4.242131867,25112157,1789545,8428361,1698435,364298,242884
4.252370263,24015020,1627950,7403703,1508780,313369,243378
4.262645363,23460105,2192729,9834566,1723885,380961,244776
4.272902744,23397610,2761833,12226422,2161058,386388,244899
4.283154021,23424768,2442375,11104919,1941250,374106,244493
4.320819019,89349822,10527323,46479289,7808350,1416277,898751
4.331004063,24313626,2584600,11715756,2082714,398697,243849
4.341207909,24373821,3089931,14352876,2272812,359705,242332
4.351484698,24464833,2455702,11153779,1965734,488866,245466
4.361776113,24493854,2557729,12665689,2164060,361321,244823
4.379829082,42989243,4877134,22106928,3856802,651372,431534
4.39011644,24544310,1832375,11909024,2267865,403271,245615
4.400349561,24397206,3411941,16091434,3025305,291226,244163
4.410759659,24801160,4107824,18596711,2901995,253701,248835
4.421063461,24863983,3692959,17882681,3187261,295221,245421
4.43125386,27103899,4168651,20565504,3613246,215274,244527
4.441628179,28981138,4044375,19108486,3294969,321744,248615
4.45211264,26945005,2330686,11201566,1621677,263115,245859
4.462449918,24651093,3971116,15956054,2421483,265028,246375
4.472709144,24426869,3305482,15941894,2873261,333304,245119
4.482960988,24425055,3454821,16482043,2908489,340673,244629
4.493177708,24341725,2968187,14911857,1033578,501571,244710
4.503406294,23915649,3105198,16672979,991314,504027,243669
4.513710245,24055419,4024937,42115021,629388,109214,245788
4.523968676,24415346,3085558,14155633,1809530,553114,243927
4.534205499,24416353,4035661,12312842,788231,380986,245080
4.544427092,24331416,4731251,20474838,682370,625824,243049
4.554886199,24396223,1589661,5961232,861343,709989,249652
4.565177572,23480005,2345670,10962044,1824425,517930,245418
4.575464646,23528409,3043241,14328631,1392596,500798,245666
4.585753625,23481731,2415345,11237080,1520304,529686,245370
4.595992122,23354200,6751849,32179698,630507,263956,244229
4.606230403,19963154,2116941,32520861,798567,294891,207482
4.61653184,0,0,0,0,0,0
4.62669982,0,0,0,0,0,0
4.636876323,21959123,3661363,16010409,906858,233449,221392
4.647124063,24526800,4598387,16328307,698893,342520,247350
4.657475987,24578957,3273190,14649282,963636,333653,249270
4.667916602,24841618,3040423,12923342,1213158,492732,245594
4.6782268,24331107,4272509,20255202,912670,467370,245837
4.688549962,23674140,6890170,32326159,1198373,209760,246704
4.698856034,24588367,6761005,35391474,1054476,238757,245970
4.709158183,24557417,4699668,21866063,845029,431702,246735
4.719690068,25081777,1673891,9006055,1712891,392157,249862
4.729875537,24232901,2804818,13184819,1755279,302258,244358
4.740141818,24431576,2055355,9081027,1580464,386654,243257
4.750449287,24508860,1580479,7419355,1195098,378106,245794
4.760709048,24399031,1579357,8116738,1408280,301838,244109
4.770948277,24443364,1726010,8489907,1356624,323277,245653
4.781253949,24510016,1471234,6651438,1090898,304666,245187
4.791542801,24510422,1524857,7979576,1229297,321876,245457
4.80180616,24446663,1628657,7674518,1426307,276416,246511
4.812169847,24636594,1338933,7344759,1156991,388094,245717
4.822505,24666818,3665772,17231043,1870252,400379,246240
4.832721043,24699939,3094602,14357603,2161831,223604,243973
4.842993917,26166716,2323507,9707920,1470614,381821,244936
4.853303084,24869393,948167,4460916,702141,274532,243768
4.86356023,23350491,1555319,7058354,1353839,306305,244552
4.87385306,23640352,1781712,8375764,1409526,326550,245892
4.884114617,24416229,2165395,10933657,1602238,460605,244678
4.894401573,23541879,2535437,11874572,1710368,458137,245395
4.904672746,23431932,2622592,12237279,1742698,429748,244816
4.914928971,23332916,1318395,8432629,1219811,458698,243525
4.925143483,23413103,2902059,13680204,1965749,263746,245990
4.935505786,24628556,2770191,11316842,1803840,418236,245247
4.945695609,24181691,2362942,11072094,1649124,525049,243091
4.955925262,24224371,2026678,10252046,1435429,475495,243653
4.966178095,23890179,1611354,7583426,1275198,424563,244850
4.976434841,23379183,2137300,10165282,1534050,459339,243926
4.986710524,23509607,2269475,11702564,1583469,442813,246359
4.997014811,23544235,2547554,11951443,1725273,434128,245969
5.007337203,23486801,2532114,11936590,1710165,434630,245811
5.017623662,23396523,1486063,7000730,762850,420970,245127
5.027891447,23898995,2392045,13908117,1952801,274929,243782
5.038086772,24557610,3048795,14264301,2233052,163310,244147
5.048374249,25330615,2388522,10749181,1594039,419767,248393
5.059103828,24647446,2281513,6994608,713509,372809,251663
5.069425537,23570039,2558840,12049667,1740252,394811,246380
5.079672091,23365721,1844671,10827917,1581515,438049,244541
5.089987413,23504923,2095795,9824078,1413328,385100,246066
5.100291615,23502195,2101018,10847521,1596225,365068,245638
5.110582455,23520384,2281744,10744798,1536799,406145,246202
5.120887073,23504747,1564495,7040846,956760,425858,246014
5.131231361,23618133,1427009,5683665,1143570,334580,246982
5.141569107,23570489,2889369,13562704,2095780,276003,245867
5.151887393,24503221,2087076,12046314,1787353,516087,244965
5.162192839,24521175,1937009,9133557,1601236,420182,245813
5.172472167,23692091,2702729,12587079,1780568,431863,244138
5.182708592,23405334,2413489,11338072,1834972,430568,244902
5.192932777,23311135,2590169,12178440,1764008,448991,243737
5.203203639,23497236,2339268,11480452,1702061,471602,246119
5.213586195,23704794,2566691,12063656,1714878,519822,247339
5.223849353,23381682,1376120,8054634,1467602,451885,243934
5.234023353,24161138,3622798,16999542,2390922,295327,243407
5.244253421,25106301,2675912,10851124,1694656,373258,244926
5.254575651,24153496,826279,3906406,909577,291576,245343
5.264981648,23638347,1402787,6665399,1114768,253690,247187
5.27525451,23470059,2126126,10383963,1394516,335980,245161
5.285525307,23406991,1443457,6784558,1158852,313793,245132
5.295802626,23838367,1702346,8848783,1314914,313048,244711
5.306099339,24562544,2483457,11685133,1786185,425060,246513
5.316357329,23773144,2506513,10535972,1482768,475465,243791
5.326696049,23847131,2538677,11917997,1641078,485333,249796
5.337148607,24029136,2030523,9582769,1525649,385002,245530
5.347411789,24417518,1463723,8030488,1638062,346483,246345
5.357770129,24537487,1511992,7102801,1236065,325145,244412
5.368015346,24355052,1684018,8241362,1499044,345461,244439
5.378338558,24605778,2318580,10913863,1538159,471392,246966
5.388613918,23652832,1739943,9684462,1465276,410876,244888
5.398932403,23580288,2422001,10917957,1505535,384544,246180
5.409206756,23417835,2148179,10062349,1502931,399275,244817
5.419465527,23443627,1096338,6123048,1336858,372075,245238
5.4297056,23436299,2766368,13042149,1812248,217923,243814
5.439924539,24580900,3565809,15565264,2372232,194758,244581
5.450200291,25279647,1212484,5886288,764519,414001,247381
5.460595111,23833477,88101,1146377,422366,367648,245602
5.470900088,22154522,245751,1994230,687245,479748,245254
5.481213822,21456739,2390111,7541235,961925,668780,245275
5.491497309,21487199,1990934,7175415,903075,571900,245596
5.501774261,21698920,3343008,11208370,1278815,1013880,245057
5.512073178,20536496,2590252,11460909,1134957,770315,245193
5.522427206,20487559,3485400,11958887,1168791,832060,248328
5.532734543,20003100,2851338,10622261,851913,712763,243419
5.54293477,21162214,5579771,19554094,1811753,1332176,243902
5.553176969,22961656,2745766,10054895,1455324,896243,242913
5.563426754,22360691,229353,1239568,904171,707042,243813
5.573708619,19886634,504999,1605375,598111,499549,244637
5.583962097,18432814,648925,2106668,879293,789495,246164
5.594326452,18545526,209304,767649,493203,468718,247272
5.604648178,18408870,156132,609962,466381,447349,245792
5.614932005,18416302,1701145,7427069,917357,524419,246443
5.62526188,19658831,2159463,10425666,1558526,431773,245183
5.635588858,21108186,1863651,9211649,1241695,491700,247408
5.645969898,22748797,2937330,13794055,2007928,225330,244922
5.656157284,23226338,2351258,9575493,1554185,396555,243123
5.66639051,24219820,1973339,9247706,1335239,449720,244347
5.676685334,24500059,1921514,8626867,1413902,472633,244854
5.686964794,24151110,2350443,11054254,1668768,406735,244532
5.697227303,24221048,2177623,10098481,1504340,422030,245503
5.707563226,24638325,2601673,12390764,1597519,407184,247485
5.717903685,24027104,2317183,10867820,1612327,415524,245216
5.728205588,24508151,1688953,9214828,1629277,378634,245876
5.738474036,24196711,1377599,6482216,696389,425338,245498
5.74875018,24290139,3084794,15702542,2274506,247893,244235
5.758958804,25168513,2814210,13180349,2113058,158473,243716
5.769187351,25462226,1851295,7792676,1252244,376037,241279
5.779577159,24028462,1703690,6708997,944352,332401,248103
5.789895526,23516164,2589672,12189968,1736256,394354,244963
5.800217015,24565809,2086334,11693989,1759684,445513,246441
5.810488996,24484459,2520260,11798633,1760306,473599,245533
5.820795929,24487034,1529432,7022459,1136917,295988,245216
5.831081349,24501641,1522282,7177984,1247663,282480,245485
5.841313032,24366223,1844105,9555611,1334470,485419,243592
5.851522959,24369438,1485013,11096120,2193625,279617,244878
5.861796661,24375862,2772579,13017534,1898268,511037,244537
5.872000948,24171830,2728829,12008375,1468422,526068,242778
5.882275891,24519950,2637357,12435579,1815778,442227,246045
5.892516608,23572042,2783099,12102524,1695264,450577,243976
5.902793303,23489470,2484317,11671393,1611995,431257,245687
5.913076524,23334623,2794761,12848539,1811900,441329,243081
5.923304087,23390167,2958042,12514919,1743300,432515,245538
5.933671598,23684375,2058421,9706100,1404785,491289,247821
5.943998662,23513199,2379656,8902755,1717879,385998,244522
5.954219351,24363719,3676542,17252482,2449844,252246,244378
5.964432451,24266857,2507392,11071206,1687311,514660,244047
5.974748632,24070195,1013330,4776852,1087242,347033,244438
5.985118005,23295917,1729625,8289348,1190805,403700,245748
5.995446487,22226987,2569884,10657880,1643667,438457,245660
6.005791999,23418187,2563688,12005508,1769772,422316,245765
6.01611796,23531102,2271964,10181196,1579371,427207,245982
6.026467618,23674672,2301926,10827529,1559299,452824,248243
6.036853025,23678207,2444691,10645060,1471927,479111,246552
6.047147181,23494295,2528072,11879924,1506723,456373,244946
6.057408443,23104787,1737810,9337504,1381743,293914,242531
6.067638677,23329783,1743975,10081106,1866931,340686,244350
6.077908936,24277111,1881814,8855612,1389347,495688,244962
6.088165392,24371788,2391913,12254058,1808757,426713,244271
6.098466638,24590364,2699956,12690792,1717430,475517,247035
6.108785859,24533196,2821192,12413832,1734184,444049,245492
6.119074364,23624309,2578953,12102709,1744701,478315,245922
6.129357332,23433268,2253489,11134985,1612262,453459,244886
6.139582248,23375588,1877334,8592276,1410890,483897,244840
6.149849031,23454062,2865588,13422812,1898467,210387,244284
6.160077735,24341959,3391721,16361692,2330481,291615,244881
6.17039578,24512174,1707080,8058364,1192758,423059,246842
6.180792761,23782476,877214,5335420,859493,348011,243994
6.191053101,23471375,2611912,12267798,1793892,377097,245546
6.201356159,23425062,2441643,10880875,1530570,514191,245711
6.211677995,23589398,2524116,12074888,1751199,425070,246586
6.221973682,23497631,2410755,11360367,1680621,422412,244884
6.232226466,23449900,2670386,11140718,1760732,402091,245875
6.24257143,23526828,1869168,8783539,1217129,517913,246174
6.252886911,23496976,2479839,10749751,1558250,409094,245200
6.263104495,23568070,2688487,12629578,1679676,269420,243479
6.273394391,24409102,2611726,11739670,1723012,516123,244154
6.283695111,24553049,2993111,12097775,1656208,443109,246323
6.29398545,24507088,2379036,11136173,1614139,475827,245001
6.30441053,23761507,2224348,11049539,1773789,450544,248655
6.314653921,23409254,2335552,10999133,1707619,440861,244330
6.32489377,23362802,2551632,11641846,1711956,419824,245669
6.33529818,23786936,1775797,8328765,1395819,465449,248356
6.345600764,23465870,2023318,10230927,1466047,444869,244537
6.355774941,23852345,2983824,14717595,2449821,211868,242484
6.365958795,24215571,2504559,11789353,1740850,549563,243660
6.376220795,23977105,1846887,7179358,952679,340892,244781
6.386605828,23697112,2188530,10258795,1636268,424856,247215
6.396923189,23575088,2675946,12260122,1711843,447429,246355
6.407340042,23771730,6573505,31146566,1858581,375511,248947
6.417654936,23822213,5959920,28632082,1877818,136098,245376
6.427928581,24478525,6529094,30648563,1945462,127543,245060
6.438218999,24592162,6217249,29360032,1785371,198069,246370
6.448559705,24958358,5390967,28698731,2010286,113478,246518
6.458883227,24736798,5356353,25296097,1846008,135754,245764
6.469136388,25433781,6698416,31706691,1944159,160368,244724
6.4794496,25618654,6798102,32038293,2028414,153901,246279
6.489764383,25549801,6801505,32248194,2046753,137076,245769
6.500034554,25460188,6452730,30632203,2005873,139168,244973
6.510305295,25571531,6662075,31395069,2001291,136796,243826
6.52057779,25484044,5854836,30331976,2023716,139223,245228
6.530887523,25662969,6051630,28507577,1631087,204974,246377
6.541142069,27085006,6882772,34034859,2237242,63464,242561
6.55132403,29167484,7937581,32353553,1578424,152064,244490
6.561635561,27548906,4772002,21675061,496038,368802,244349
6.571931187,24468350,7247373,27116270,1005742,346584,246937
6.582374831,24084117,5148993,24537005,472228,400186,248097
6.592665198,23470175,7356213,36305939,455091,348435,245120
6.602907915,23406534,5256043,24224246,725027,381116,244971
6.613215472,23516203,4689441,21756298,662389,488879,246124
6.623531694,23602232,4548761,19922058,539296,471802,247661
6.633882921,23565571,2999006,14725153,764041,522674,245193
6.644061839,23634159,8790010,37125582,1262332,389550,243176
6.654288657,24353148,3801380,17177408,573730,188146,245969
6.664703114,23613972,2738298,14785196,436165,364636,245289
6.67498084,23485772,4074654,18996338,744447,544226,245940
6.685280642,23530652,4525129,24943440,561811,402893,245221
6.695551998,23493576,5696030,28886476,648771,344852,246474
6.70586022,23488542,5419098,22538119,680672,432579,245179
6.716139652,23451727,8566908,38900087,287568,157604,244510
6.726493645,24340613,4621155,20371340,599679,432389,250384
6.736924772,23688667,6237253,24317881,1027781,464244,244743
6.747132322,23979642,7093934,31910524,1114177,402760,243815
6.757380602,24421169,6872112,27184293,877244,517096,244576
6.767651832,24443455,5178346,24848892,778749,306462,245168
6.777968296,24126806,2323566,11492546,532001,197747,245267
6.788291772,23420886,3852339,19967764,891588,520784,245064
6.79857193,22868321,5841257,27981528,448543,236102,246237
6.808932991,23632340,5011021,28445459,714178,427385,246716
6.819262032,22776809,3349140,15396207,746916,500023,246275
6.829607407,21670963,2353700,12898128,568111,436951,246512
6.839925802,22373103,5743873,27266251,715413,307940,244797
6.850129013,23776848,6257599,28813715,1235138,328719,244601
6.860387091,23768363,5841325,21918307,406501,222769,242920
6.870650375,23398143,2883001,14218902,741688,506747,246995
6.881017899,23656442,4344208,22374035,524488,340120,246146
6.891255928,23418937,3986572,20251528,834731,347635,245273
6.901500488,22474990,4050572,15074689,802709,518633,242883
6.911702897,22133409,4423440,22029275,696339,462728,244110
6.922008619,21564558,3998428,21171506,721509,494254,245452
6.932347904,21771582,3308820,13188399,581145,418628,245212
6.942679749,23197753,6227910,29826934,1595441,409340,245912
6.952900648,23875100,5443993,25871179,727610,371250,243452
6.96311442,24292946,4161714,21115059,823496,356068,244033
6.97341365,23792204,4795806,17182357,682400,330925,248193
6.983919146,22114385,3971456,15639801,696669,245769,247057
6.994171381,21801579,3499505,16536396,656080,524218,241472
7.004397539,21379875,3094755,15919764,673398,436908,244644
7.014746843,21618160,3098184,12918692,836373,561085,246575
7.024997686,21349610,4253802,17161917,564689,413410,245104
7.035292806,21659120,5060146,22887705,411217,234605,245717
7.045585194,22258301,3582301,20885260,747687,320544,244158
7.055763669,23262885,3664756,16025450,706245,353517,243902
7.066003761,23340326,2651865,15211912,680112,427423,243945
7.076399268,24156666,3039698,13988834,663219,190115,246636
7.086665395,24494922,4184682,20821054,959138,352637,245124
7.096897287,24252940,3298429,19386922,832723,500980,244592
7.107187279,23521952,7043121,32001086,286455,217803,245742
7.117457743,23416657,4830204,23458617,679003,237202,245398
7.127755963,24152063,6029967,27078599,674728,224737,246636
7.138140784,24732614,5971126,27086211,578250,218301,245978
7.148325391,24300930,6991209,33757191,791635,388429,243620
7.158573215,25213082,5896055,24702345,920771,725433,244667
7.16887328,24425169,2050672,16253033,877837,599191,244600
7.179134673,23319983,1229472,5297561,474404,342878,244256
7.189401616,22430851,2816918,14723208,518145,382489,244009
7.199680016,23123855,3752731,16956148,721494,362814,245449
7.210025246,22671153,2563330,13807643,543182,379506,243491
7.220264447,22884655,3104565,16058649,573121,332544,243759
7.23054757,23462569,4696430,23879716,568829,202870,245938
7.240862371,23469765,2447917,11484183,386844,293205,245455
7.251144048,23994633,8367568,37216239,256034,232803,246322
7.261469809,23723421,2396563,14969121,956926,400861,244153
7.271785982,24451353,4125351,17752327,935812,590423,247267
7.28214334,24125919,3597057,18308602,605198,444359,245528
7.292371491,23312277,1388159,10433324,763296,580234,244095
7.302647247,22496552,3808089,18055560,618698,487422,246180
7.312947844,22337733,3331181,17650071,522698,366556,244546
7.3232151,23460376,4229941,21447844,918094,458323,245051
7.333473448,22967835,4178195,14744400,644617,417466,244163
7.343701845,21772254,2191152,10943086,409750,245755,243121
7.353943009,23260980,8823196,35531087,791124,305359,245003
7.364125995,24122995,3457986,17273626,1135369,503716,242727
7.374408177,24511276,1898899,8789216,498374,258511,246305
7.384869493,21718001,2708744,9355745,362534,286996,245303
7.395134379,21676170,4231635,19972712,561920,304511,246129
7.40545921,23382256,4568627,19101082,854374,333930,245678
7.415708234,21849313,4680566,19860311,463988,530822,243739
7.425952895,22086427,3257646,12391241,682989,518433,244857
7.436253616,21290902,2455191,14350304,547102,512364,244896
7.446549333,20553550,2523995,13357447,488105,328897,244713
7.4568337,22248154,5117264,22612499,636883,277561,244701
7.467063664,23259551,5237536,24997749,1035293,504653,243928
7.477307536,23249181,5132900,15556047,891952,574886,244349
7.487582147,22837994,3379671,15954589,624935,499858,244770
7.497910029,21621064,3052168,14231858,549451,399190,245110
7.508182208,21446144,3538860,15434760,578136,381217,243330
7.518484815,21361504,3593249,16209287,585410,369936,244980
7.528792838,21345003,1968825,12234021,763777,444940,244483
7.539022327,20719330,3172230,15545525,589610,414943,244067
7.54930713,21285670,2249730,12283762,598452,513990,243557
7.559495997,22452528,7874831,38155928,695422,585370,243215
7.569817483,23953426,8276000,38789140,518667,277467,246038
7.580073164,23627864,2896798,13859267,285765,207808,242676
7.590364781,23553192,3872552,20321014,558394,416613,246738
7.600740457,23488287,1338034,11309129,707552,426285,246132
7.610987725,22995804,1830326,8204395,700730,511005,245004
7.621249534,21440119,2617744,11615790,753698,459950,243677
7.631505242,22300908,4140793,18450848,429713,239688,245520
7.641792729,22429276,3449596,14202023,481173,394954,244449
7.652106787,22356253,1584346,10019883,450286,297699,244810
7.662507318,21168404,2688100,11764336,636062,597360,245664
7.672711061,21925719,5612954,28451735,1046928,356663,235484
7.682935094,23928363,4901995,22606552,744640,410001,244301
7.693204198,24447421,5798222,26805088,471699,379129,243602
7.7034818,24472400,5568210,25733599,646460,479757,245054
7.713778297,24446295,5433653,26170116,648078,516531,246355
7.724099578,23533586,4514580,18480192,675519,524935,246457
7.734433546,23585820,3949138,15186433,770986,604000,247534
7.744749552,21387649,1450005,9261433,965644,689113,244631
7.755149157,21106056,5436476,27744552,535033,504949,247843
7.765474685,22194536,9196274,44171918,312707,222683,244359
7.775670045,26274441,1853935,20468978,884405,314338,268236
7.785953899,28094016,4665256,43383766,435200,163356,286060
7.796209334,24363974,7406680,48054797,205985,90031,244213
7.807043213,33399473,8217750,63409647,496324,112061,347662
7.817427378,3936002,5454114,9773453,3609383,885105,1039215
7.827755978,6421340,4736523,17623668,4104588,701299,1071287
7.842951363,81280121,7373683,92212577,5993140,1448102,1811612
7.853463938,6721519,4553473,5819601,4522100,1058427,1086375
7.863963614,7081431,4350732,92200176,4027720,981269,1055494
7.874609166,19011021,5087688,12119228,4726450,1231079,1192210
7.885102324,76898011,4884148,80474481,3150403,772781,769891
7.89550499,55480229,3610602,50386534,2391871,528497,572897
7.906038852,78622570,5272605,85319747,4224270,790549,803868
7.916318103,3834336,7763130,36315099,8221716,871581,1063120
7.926516316,36440273,3449615,35454068,2276462,552674,357742
7.936750834,24231141,4091831,24703140,529970,400509,243821
7.947033912,24547781,3129304,20219504,571131,466650,245678
